vintage_q,n,approve_rate,approved_bad_rate,overall_bad_rate
2023-01-01,163120,0.20426679744973025,0.005042016806722689,0.02281142717018146
