{
  "before": {
    "brier": 0.0126500338160375,
    "auc": 0.7592964156570245
  },
  "after": {
    "brier": 0.010982498756217556,
    "auc": 0.7592964156570245
  },
  "n": 5751411
}