bin,n,bad_rate
61-70,1676412,0.01576641064368425
71-80,3689141,0.018524366512421186
81-90,1163409,0.024383514310100746
<=60,2877182,0.01021728900013972
>97,1617508,0.03391204247521496
