bin,n,bad_rate
31-35,1750075,0.01600731397225833
36-40,1929302,0.022092964191194536
41-45,2220084,0.03203437347415684
<=30,3758143,0.008602919048051126
>50,1366048,0.024376888659842114
