feature,psi
orig_rate,3.092029855699368
orig_upb,0.26113956836687924
cltv,0.14145073470675906
ltv,0.13619242741688456
fico,0.016508449771658107
dti,0.01644926618966515
