bin,n,bad_rate
621-660,409008,0.06788620271486133
661-700,1256118,0.041863901321372674
701-740,2328265,0.025487648527981136
<=620,18654,0.07547978985740324
>780,7011607,0.009453752898586586
