{
  "auc_roc": 0.7536514183761132,
  "auc_pr": 0.03070153999233398,
  "ks": 0.4148717625973276,
  "brier": 0.013208138868554178,
  "n_test": 5751411,
  "pos_rate_test": 0.011227853478042171
}