{
  "auc_roc": 0.7589593697997574,
  "auc_pr": 0.033375076110624305,
  "ks": 0.3969773453425221,
  "brier": 0.012289829344039611,
  "n_test": 5751411,
  "pos_rate_test": 0.011227853478042171
}