{
  "a": -1.2557760743506392,
  "b": 1.0356960810165958
}