purpose,Count,Bad_rate
P,2260501.0,0.0127949512077189
N,1981914.0,0.0068817314979358
C,1508996.0,0.0145885078555542
