channel,Count,Bad_rate
R,3286214.0,0.0106685078938864
C,1656853.0,0.0114470022385812
B,808344.0,0.0130526112645111
